higasikata@jyousuke,w社の資料をファイリングしておいでください。よろしくお願いします。,2021-04-14
hirose@kouichi,T社のプレゼン資料をまとめておいてください。よろしくお願いします。,2021-04-14
hirose@kouichi,P社のプレゼン資料をまとめておいてください。よろしくお願いします。,2021-04-14
kisibe@rohann,N社のプレゼン資料をまとめておいてください。よろしくお願いします。,2021-04-14
nijimura@okuyasu,M社のプレゼン資料をまとめておいてください。よろしくお願いします。,2021-04-14
jyannpieeru@porunarefu,L社のプレゼン資料をまとめておいてください。よろしくお願いします。,2021-04-14
kakyouinn@noriaki,K社のプレゼン資料をまとめておいてください。よろしくお願いします。,2021-04-14
dio@burando,D社のプレゼン資料をまとめておいてください。よろしくお願いします。,2021-04-14
sonn@gokuu,S社のプレゼン資料をまとめておいてください。よろしくお願いします。,2021-04-14
bejiita@bejiita,S社のプレゼン資料をまとめておいてください。よろしくお願いします。,2021-04-14
bejiita@bejiita,BD社のプレゼン資料をまとめておいてください。よろしくお願いします。,2021-04-14
kuujyou@jyoutarou,KJ社の資料をファイリングしておいでください。よろしくお願いします。,2021-04-14
higasikata@jyousuke,こんにちは！！1,2021-04-16
higasikata@jyousuke,こんにちは！！2,2021-04-16
higasikata@jyousuke,こんにちは！！3,2021-04-16
higasikata@jyousuke,こんにちは！！4,2021-04-16
higasikata@jyousuke,test1,2021-04-17
higasikata@jyousuke,test12,2021-04-17
higasikata@jyousuke,test123,2021-04-17
higasikata@jyousuke,test1234,2021-04-17
higasikata@jyousuke,test12345,2021-04-17
higasikata@jyousuke,分かりました。,2021-04-17
higasikata@jyousuke,分かりました。,2021-04-17
higasikata@jyousuke,分かりました。,2021-04-17
higasikata@jyousuke,こんにちは！！,2021-04-17
higasikata@jyousuke,こんにちは！！,2021-04-20
higasikata@jyousuke,こんにちは！！,2021-04-20
higasikata@jyousuke,こんにちは！！,2021-04-20
higasikata@jyousuke,こんにちは！！,2021-04-20
higasikata@jyousuke,わかりました,2021-04-20
